same_node_type,same_name,same_function,same_class,line_overlap,overlap_ratio,structural_distance,op_combo_score,both_modify,delete_and_modify,node_type_a,node_type_b,label,label_name,repository,merge_commit,file
1,0,0,0,0,0.0,148,1,0,0,5,5,0,clean_semantic,https://github.com/pallets/flask.git,3a9d54f3da1de540adfdf6f1e2dea6fc0006e15d,src/flask/ctx.py
0,0,0,0,0,0.0,358,1,0,0,5,6,0,clean_semantic,https://github.com/pallets/flask.git,3a9d54f3da1de540adfdf6f1e2dea6fc0006e15d,src/flask/ctx.py
0,0,0,0,0,0.0,340,1,0,0,5,6,0,clean_semantic,https://github.com/pallets/flask.git,3a9d54f3da1de540adfdf6f1e2dea6fc0006e15d,src/flask/ctx.py
0,0,0,0,0,0.0,187,1,0,0,5,4,0,clean_semantic,https://github.com/pallets/flask.git,3a9d54f3da1de540adfdf6f1e2dea6fc0006e15d,src/flask/ctx.py
0,0,0,0,0,0.0,297,1,0,0,5,4,0,clean_semantic,https://github.com/pallets/flask.git,3a9d54f3da1de540adfdf6f1e2dea6fc0006e15d,src/flask/ctx.py
1,0,0,0,0,0.0,298,1,0,0,5,5,0,clean_semantic,https://github.com/pallets/flask.git,3a9d54f3da1de540adfdf6f1e2dea6fc0006e15d,src/flask/ctx.py
0,0,0,0,0,0.0,241,1,0,0,5,4,0,clean_semantic,https://github.com/pallets/flask.git,3a9d54f3da1de540adfdf6f1e2dea6fc0006e15d,src/flask/ctx.py
1,0,0,0,0,0.0,273,1,0,0,5,5,0,clean_semantic,https://github.com/pallets/flask.git,3a9d54f3da1de540adfdf6f1e2dea6fc0006e15d,src/flask/ctx.py
0,0,0,0,0,0.0,248,1,0,0,5,4,0,clean_semantic,https://github.com/pallets/flask.git,3a9d54f3da1de540adfdf6f1e2dea6fc0006e15d,src/flask/ctx.py
0,0,0,0,0,0.0,318,1,0,0,5,4,0,clean_semantic,https://github.com/pallets/flask.git,3a9d54f3da1de540adfdf6f1e2dea6fc0006e15d,src/flask/ctx.py
0,0,0,0,0,0.0,356,1,0,0,5,4,0,clean_semantic,https://github.com/pallets/flask.git,3a9d54f3da1de540adfdf6f1e2dea6fc0006e15d,src/flask/ctx.py
0,0,0,0,0,0.0,361,1,0,0,5,6,0,clean_semantic,https://github.com/pallets/flask.git,3a9d54f3da1de540adfdf6f1e2dea6fc0006e15d,src/flask/ctx.py
1,0,0,0,0,0.0,368,1,0,0,5,5,0,clean_semantic,https://github.com/pallets/flask.git,3a9d54f3da1de540adfdf6f1e2dea6fc0006e15d,src/flask/ctx.py
0,0,0,0,0,0.0,319,1,0,0,5,4,0,clean_semantic,https://github.com/pallets/flask.git,3a9d54f3da1de540adfdf6f1e2dea6fc0006e15d,src/flask/ctx.py
0,0,0,0,0,0.0,184,1,0,0,5,4,0,clean_semantic,https://github.com/pallets/flask.git,3a9d54f3da1de540adfdf6f1e2dea6fc0006e15d,src/flask/ctx.py
0,0,0,0,0,0.0,244,1,0,0,5,4,0,clean_semantic,https://github.com/pallets/flask.git,3a9d54f3da1de540adfdf6f1e2dea6fc0006e15d,src/flask/ctx.py
0,0,0,0,0,0.0,102,1,0,0,5,4,0,clean_semantic,https://github.com/pallets/flask.git,3a9d54f3da1de540adfdf6f1e2dea6fc0006e15d,src/flask/ctx.py
0,0,0,0,0,0.0,110,1,0,0,5,4,0,clean_semantic,https://github.com/pallets/flask.git,3a9d54f3da1de540adfdf6f1e2dea6fc0006e15d,src/flask/ctx.py
1,0,0,0,0,0.0,199,1,0,0,5,5,0,clean_semantic,https://github.com/pallets/flask.git,3a9d54f3da1de540adfdf6f1e2dea6fc0006e15d,src/flask/ctx.py
0,0,0,0,0,0.0,317,1,0,0,5,6,0,clean_semantic,https://github.com/pallets/flask.git,3a9d54f3da1de540adfdf6f1e2dea6fc0006e15d,src/flask/ctx.py
0,0,0,0,0,0.0,69,1,0,0,6,4,0,clean_semantic,https://github.com/pallets/flask.git,3a9d54f3da1de540adfdf6f1e2dea6fc0006e15d,src/flask/helpers.py
1,0,0,0,0,0.0,159,1,0,0,6,6,0,clean_semantic,https://github.com/pallets/flask.git,3a9d54f3da1de540adfdf6f1e2dea6fc0006e15d,src/flask/helpers.py
0,0,0,0,0,0.0,4,1,0,0,6,5,0,clean_semantic,https://github.com/pallets/flask.git,3a9d54f3da1de540adfdf6f1e2dea6fc0006e15d,src/flask/helpers.py
0,0,0,0,0,0.0,333,1,0,0,6,5,0,clean_semantic,https://github.com/pallets/flask.git,3a9d54f3da1de540adfdf6f1e2dea6fc0006e15d,src/flask/helpers.py
0,0,0,0,0,0.0,320,1,0,0,6,4,0,clean_semantic,https://github.com/pallets/flask.git,3a9d54f3da1de540adfdf6f1e2dea6fc0006e15d,src/flask/helpers.py
0,0,0,0,0,0.0,298,1,0,0,6,5,0,clean_semantic,https://github.com/pallets/flask.git,3a9d54f3da1de540adfdf6f1e2dea6fc0006e15d,src/flask/helpers.py
0,0,0,0,0,0.0,131,1,0,0,6,5,0,clean_semantic,https://github.com/pallets/flask.git,3a9d54f3da1de540adfdf6f1e2dea6fc0006e15d,src/flask/helpers.py
0,0,0,0,0,0.0,357,1,0,0,6,5,0,clean_semantic,https://github.com/pallets/flask.git,3a9d54f3da1de540adfdf6f1e2dea6fc0006e15d,src/flask/helpers.py
0,0,0,0,0,0.0,35,1,0,0,6,5,0,clean_semantic,https://github.com/pallets/flask.git,3a9d54f3da1de540adfdf6f1e2dea6fc0006e15d,src/flask/helpers.py
0,0,0,0,0,0.0,66,1,0,0,6,4,0,clean_semantic,https://github.com/pallets/flask.git,3a9d54f3da1de540adfdf6f1e2dea6fc0006e15d,src/flask/helpers.py
0,0,0,0,0,0.0,83,1,0,0,6,4,0,clean_semantic,https://github.com/pallets/flask.git,3a9d54f3da1de540adfdf6f1e2dea6fc0006e15d,src/flask/helpers.py
0,0,0,0,0,0.0,169,1,0,0,6,4,0,clean_semantic,https://github.com/pallets/flask.git,3a9d54f3da1de540adfdf6f1e2dea6fc0006e15d,src/flask/helpers.py
1,0,0,0,0,0.0,86,1,0,0,6,6,0,clean_semantic,https://github.com/pallets/flask.git,3a9d54f3da1de540adfdf6f1e2dea6fc0006e15d,src/flask/helpers.py
1,0,0,0,0,0.0,322,1,0,0,6,6,0,clean_semantic,https://github.com/pallets/flask.git,3a9d54f3da1de540adfdf6f1e2dea6fc0006e15d,src/flask/helpers.py
1,0,0,0,0,0.0,139,1,0,0,6,6,0,clean_semantic,https://github.com/pallets/flask.git,3a9d54f3da1de540adfdf6f1e2dea6fc0006e15d,src/flask/helpers.py
1,0,0,0,0,0.0,335,1,0,0,6,6,0,clean_semantic,https://github.com/pallets/flask.git,3a9d54f3da1de540adfdf6f1e2dea6fc0006e15d,src/flask/helpers.py
0,0,0,0,0,0.0,82,1,0,0,6,5,0,clean_semantic,https://github.com/pallets/flask.git,3a9d54f3da1de540adfdf6f1e2dea6fc0006e15d,src/flask/helpers.py
1,0,0,0,0,0.0,113,1,0,0,6,6,0,clean_semantic,https://github.com/pallets/flask.git,3a9d54f3da1de540adfdf6f1e2dea6fc0006e15d,src/flask/helpers.py
1,0,0,0,0,0.0,332,1,0,0,6,6,0,clean_semantic,https://github.com/pallets/flask.git,3a9d54f3da1de540adfdf6f1e2dea6fc0006e15d,src/flask/helpers.py
1,0,0,0,0,0.0,16,1,0,0,6,6,0,clean_semantic,https://github.com/pallets/flask.git,3a9d54f3da1de540adfdf6f1e2dea6fc0006e15d,src/flask/helpers.py
