same_node_type,same_name,same_function,same_class,line_overlap,overlap_ratio,structural_distance,op_combo_score,both_modify,delete_and_modify,node_type_a,node_type_b,label
1,0,0,0,0,0.0,65,3,1,0,4,4,0
0,0,0,0,0,0.0,33,1,0,0,1,2,0
1,0,0,0,0,0.0,61,1,0,0,1,1,0
0,0,0,0,0,0.0,45,1,0,0,1,2,0
1,1,1,0,1,1.0,0,3,1,0,1,1,1
1,0,0,0,0,0.0,63,1,0,0,2,2,0
0,0,0,0,1,0.2,5,3,1,0,2,1,1
1,1,1,0,1,1.0,0,4,0,1,1,1,1
1,0,0,0,0,0.0,60,1,0,0,1,1,0
1,0,0,0,1,0.0,0,3,1,0,5,5,1
1,1,1,0,1,1.0,0,1,0,0,1,1,1
1,0,0,0,0,0.0,68,3,1,0,4,4,0
1,0,0,0,0,0.0,20,1,0,0,1,1,0
1,0,0,0,0,0.0,57,1,0,0,1,1,0
1,0,0,0,0,0.0,44,1,0,0,1,1,0
0,0,0,0,1,0.2,5,3,1,0,2,1,1
1,0,0,0,0,0.0,68,1,0,0,2,2,0
1,1,1,0,1,1.0,0,1,0,0,1,1,1
1,0,0,0,0,0.0,60,3,1,0,4,4,0
1,1,1,0,1,1.0,0,3,1,0,1,1,1
0,0,0,0,0,0.0,48,1,0,0,3,1,0
1,1,0,1,1,1.0,0,3,1,0,2,2,1
1,1,1,0,1,1.0,0,1,0,0,1,1,1
1,0,0,0,0,0.0,20,1,0,0,1,1,0
1,1,1,0,1,1.0,0,3,1,0,1,1,1
1,0,0,0,0,0.0,43,3,1,0,4,4,0
1,1,1,0,1,1.0,0,3,1,0,1,1,1
0,0,0,0,0,0.0,55,1,0,0,1,2,0
1,0,0,0,0,0.0,62,1,0,0,1,1,0
1,1,1,0,1,1.0,0,3,1,0,1,1,1
1,1,1,0,1,1.0,0,1,0,0,1,1,1
1,0,0,0,0,0.0,56,1,0,0,1,1,0
0,0,0,0,0,0.0,71,1,0,0,3,1,0
1,1,1,0,1,1.0,0,1,0,0,1,1,1
1,0,0,0,0,0.0,50,3,1,0,4,4,0
0,0,0,0,0,0.0,44,1,0,0,3,1,0
1,1,1,0,1,1.0,0,4,0,1,1,1,1
1,1,1,0,1,1.0,0,3,1,0,1,1,1
1,1,1,0,1,1.0,0,1,0,0,1,1,1
1,0,0,0,1,0.0,0,3,1,0,5,5,1
0,0,0,0,0,0.0,35,1,0,0,1,2,0
0,0,0,0,0,0.0,58,1,0,0,1,2,0
1,0,0,0,0,0.0,20,1,0,0,1,1,0
1,1,0,1,1,1.0,0,4,0,1,2,2,1
1,0,0,0,0,0.0,75,1,0,0,1,1,0
1,1,1,0,1,1.0,0,1,0,0,1,1,1
1,1,0,1,1,1.0,0,4,0,1,2,2,1
0,0,0,0,0,0.0,66,1,0,0,3,1,0
1,0,0,0,0,0.0,50,1,0,0,1,1,0
1,1,1,0,1,1.0,0,1,0,0,1,1,1
1,0,0,0,1,0.6429,4,3,1,0,1,1,1
0,0,0,0,0,0.0,44,1,0,0,3,1,0
0,0,0,0,0,0.0,43,1,0,0,3,1,0
1,1,0,1,1,1.0,0,4,0,1,2,2,1
0,0,0,0,0,0.0,53,1,0,0,1,2,0
1,0,0,0,0,0.0,67,3,1,0,4,4,0
1,0,0,0,0,0.0,50,3,1,0,4,4,0
0,0,0,0,0,0.0,54,1,0,0,1,2,0
1,1,0,1,1,1.0,0,3,1,0,2,2,1
1,0,0,0,0,0.0,43,1,0,0,1,1,0
1,0,0,0,0,0.0,41,3,1,0,4,4,0
1,0,0,0,0,0.0,48,3,1,0,4,4,0
1,0,0,0,0,0.0,83,1,0,0,1,1,0
1,0,0,0,0,0.0,74,1,0,0,1,1,0
1,0,0,0,0,0.0,67,1,0,0,1,1,0
1,0,0,0,0,0.0,56,1,0,0,1,1,0
1,1,1,0,1,1.0,0,3,1,0,1,1,1
1,1,1,0,1,1.0,0,3,1,0,1,1,1
1,0,0,0,0,0.0,48,1,0,0,1,1,0
1,0,0,0,1,0.0,0,3,1,0,5,5,1
1,0,0,0,0,0.0,20,1,0,0,1,1,0
0,0,0,0,0,0.0,58,1,0,0,1,2,0
1,0,0,0,0,0.0,65,1,0,0,1,1,0
1,1,0,1,1,1.0,0,3,1,0,2,2,1
1,0,0,0,0,0.0,61,1,0,0,2,2,0
1,0,0,0,1,0.5833,2,3,1,0,1,1,1
1,1,1,0,1,1.0,0,3,1,0,1,1,1
1,0,0,0,0,0.0,63,3,1,0,4,4,0
1,0,0,0,0,0.0,48,3,1,0,4,4,0
1,0,0,0,0,0.0,64,1,0,0,1,1,0
1,0,0,0,0,0.0,50,1,0,0,1,1,0
1,1,1,0,1,1.0,0,3,1,0,1,1,1
0,0,0,0,0,0.0,86,1,0,0,1,2,0
1,1,1,0,1,1.0,0,3,1,0,1,1,1
0,0,0,0,0,0.0,73,1,0,0,3,1,0
1,1,1,0,1,1.0,0,3,1,0,1,1,1
1,0,0,0,0,0.0,32,3,1,0,4,4,0
1,0,0,0,0,0.0,20,1,0,0,1,1,0
1,0,0,0,1,0.0,0,3,1,0,5,5,1
0,0,0,0,0,0.0,79,1,0,0,3,1,0
1,0,0,0,0,0.0,60,1,0,0,1,1,0
1,1,1,0,1,1.0,0,4,0,1,1,1,1
0,0,0,0,0,0.0,57,1,0,0,3,1,0
1,1,1,0,1,1.0,0,1,0,0,1,1,1
1,1,0,1,1,1.0,0,4,0,1,2,2,1
1,1,1,0,1,1.0,0,1,0,0,1,1,1
0,0,0,0,1,0.2,5,3,1,0,2,1,1
0,0,0,0,0,0.0,58,1,0,0,1,2,0
1,0,0,0,0,0.0,54,1,0,0,1,1,0
1,0,0,0,0,0.0,20,1,0,0,1,1,0
1,0,0,0,0,0.0,65,3,1,0,4,4,0
1,0,0,0,1,0.0,0,3,1,0,5,5,1
1,1,0,1,1,1.0,0,3,1,0,2,2,1
1,1,1,0,1,1.0,0,4,0,1,1,1,1
0,0,0,0,1,0.2,5,3,1,0,2,1,1
1,0,0,0,1,0.0,0,3,1,0,5,5,1
1,1,1,0,1,1.0,0,1,0,0,1,1,1
1,1,0,1,1,1.0,0,3,1,0,2,2,1
1,1,0,1,1,1.0,0,3,1,0,2,2,1
1,0,0,0,0,0.0,74,1,0,0,1,1,0
1,0,0,0,0,0.0,20,1,0,0,1,1,0
0,0,0,0,0,0.0,68,1,0,0,1,2,0
1,1,1,0,1,1.0,0,3,1,0,1,1,1
1,0,0,0,0,0.0,59,3,1,0,4,4,0
1,0,0,0,0,0.0,33,3,1,0,4,4,0
1,0,0,0,0,0.0,20,1,0,0,1,1,0
0,0,0,0,1,0.2,5,3,1,0,2,1,1
0,0,0,0,0,0.0,63,1,0,0,3,1,0
1,0,0,0,0,0.0,91,1,0,0,1,1,0
1,1,1,0,1,1.0,0,1,0,0,1,1,1
1,0,0,0,0,0.0,65,1,0,0,1,1,0
1,0,0,0,1,0.0,0,3,1,0,5,5,1
1,0,0,0,0,0.0,55,1,0,0,1,1,0
1,0,0,0,0,0.0,62,1,0,0,2,2,0
1,0,0,0,1,0.0,0,3,1,0,5,5,1
0,0,0,0,0,0.0,63,1,0,0,1,2,0
1,0,0,0,0,0.0,56,1,0,0,2,2,0
1,0,0,0,0,0.0,41,3,1,0,4,4,0
0,0,0,0,0,0.0,58,1,0,0,3,1,0
1,1,1,0,1,1.0,0,4,0,1,1,1,1
0,0,0,0,0,0.0,56,1,0,0,3,1,0
1,0,0,0,0,0.0,75,1,0,0,1,1,0
0,0,0,0,0,0.0,91,1,0,0,1,2,0
1,1,0,1,1,1.0,0,4,0,1,2,2,1
0,0,0,0,0,0.0,58,1,0,0,1,2,0
1,1,1,0,1,1.0,0,3,1,0,1,1,1
1,1,1,0,1,1.0,0,3,1,0,1,1,1
1,0,0,0,0,0.0,63,1,0,0,2,2,0
1,1,1,0,1,1.0,0,4,0,1,1,1,1
1,0,0,0,0,0.0,20,1,0,0,1,1,0
1,0,0,0,0,0.0,69,1,0,0,1,1,0
0,0,0,0,1,0.2,5,3,1,0,2,1,1
1,0,0,0,0,0.0,20,1,0,0,1,1,0
1,0,0,0,0,0.0,64,1,0,0,2,2,0
1,0,0,0,0,0.0,60,1,0,0,1,1,0
1,1,0,1,1,1.0,0,3,1,0,2,2,1
1,0,0,0,1,0.5455,5,3,1,0,1,1,1
1,1,1,0,1,1.0,0,3,1,0,1,1,1
1,1,1,0,1,1.0,0,1,0,0,1,1,1
0,0,0,0,1,0.2,5,3,1,0,2,1,1
1,0,0,0,0,0.0,70,1,0,0,2,2,0
1,1,1,0,1,1.0,0,3,1,0,1,1,1
0,0,0,0,0,0.0,67,1,0,0,1,2,0
1,0,0,0,0,0.0,56,1,0,0,2,2,0
1,1,1,0,1,1.0,0,3,1,0,1,1,1
1,0,0,0,1,0.0,0,3,1,0,5,5,1
1,0,0,0,0,0.0,42,1,0,0,2,2,0
1,1,1,0,1,1.0,0,1,0,0,1,1,1
1,1,1,0,1,1.0,0,3,1,0,1,1,1
1,0,0,0,0,0.0,69,1,0,0,1,1,0
1,0,0,0,0,0.0,74,1,0,0,1,1,0
0,0,0,0,1,0.2,5,3,1,0,2,1,1
1,1,0,1,1,1.0,0,4,0,1,2,2,1
1,0,0,0,0,0.0,64,1,0,0,1,1,0
1,0,0,0,0,0.0,50,3,1,0,4,4,0
1,0,0,0,0,0.0,62,3,1,0,4,4,0
1,0,0,0,0,0.0,20,1,0,0,1,1,0
1,1,0,1,1,1.0,0,4,0,1,2,2,1
1,0,0,0,0,0.0,55,3,1,0,4,4,0
0,0,0,0,0,0.0,43,1,0,0,3,1,0
1,0,0,0,0,0.0,39,1,0,0,2,2,0
0,0,0,0,0,0.0,54,1,0,0,1,2,0
1,0,0,0,0,0.0,71,1,0,0,1,1,0
1,1,1,0,1,1.0,0,4,0,1,1,1,1
1,1,0,1,1,1.0,0,4,0,1,2,2,1
1,1,1,0,1,1.0,0,4,0,1,1,1,1
0,0,0,0,1,0.2,5,3,1,0,2,1,1
1,1,1,0,1,1.0,0,3,1,0,1,1,1
1,1,1,0,1,1.0,0,1,0,0,1,1,1
1,1,1,0,1,1.0,0,4,0,1,1,1,1
0,0,0,0,0,0.0,71,1,0,0,3,1,0
0,0,0,0,0,0.0,52,1,0,0,1,2,0
1,0,0,0,0,0.0,20,1,0,0,1,1,0
1,0,0,0,0,0.0,20,1,0,0,1,1,0
1,0,0,0,1,0.0,0,3,1,0,5,5,1
1,1,1,0,1,1.0,0,4,0,1,1,1,1
1,0,0,0,0,0.0,52,1,0,0,2,2,0
1,0,0,0,0,0.0,20,1,0,0,1,1,0
1,0,0,0,0,0.0,79,1,0,0,1,1,0
0,0,0,0,1,0.2,5,3,1,0,2,1,1
1,1,1,0,1,1.0,0,3,1,0,1,1,1
1,1,1,0,1,1.0,0,3,1,0,1,1,1
1,1,1,0,1,1.0,0,3,1,0,1,1,1
1,1,1,0,1,1.0,0,3,1,0,1,1,1
1,0,0,0,0,0.0,63,1,0,0,2,2,0
1,0,0,0,0,0.0,77,1,0,0,1,1,0
1,1,0,1,1,1.0,0,4,0,1,2,2,1
0,0,0,0,1,0.2,5,3,1,0,2,1,1
1,0,0,0,0,0.0,57,1,0,0,1,1,0
1,0,0,0,0,0.0,20,1,0,0,1,1,0
1,0,0,0,0,0.0,33,3,1,0,4,4,0
0,0,0,0,1,0.2,5,3,1,0,2,1,1
1,1,1,0,1,1.0,0,1,0,0,1,1,1
1,1,1,0,1,1.0,0,4,0,1,1,1,1
1,1,1,0,1,1.0,0,3,1,0,1,1,1
1,1,1,0,1,1.0,0,4,0,1,1,1,1
1,0,0,0,0,0.0,69,1,0,0,1,1,0
1,1,1,0,1,1.0,0,3,1,0,1,1,1
1,0,0,0,0,0.0,66,1,0,0,1,1,0
0,0,0,0,1,0.2,5,3,1,0,2,1,1
1,0,0,0,1,0.4167,2,3,1,0,1,1,1
1,1,1,0,1,1.0,0,1,0,0,1,1,1
1,0,0,0,0,0.0,63,1,0,0,2,2,0
1,1,0,1,1,1.0,0,4,0,1,2,2,1
1,0,0,0,0,0.0,51,3,1,0,4,4,0
1,0,0,0,0,0.0,39,1,0,0,1,1,0
1,0,0,0,0,0.0,52,1,0,0,2,2,0
1,0,0,0,1,0.0,0,3,1,0,5,5,1
1,1,1,0,1,1.0,0,1,0,0,1,1,1
1,0,0,0,0,0.0,60,1,0,0,1,1,0
0,0,0,0,0,0.0,39,1,0,0,1,2,0
0,0,0,0,1,0.2,5,3,1,0,2,1,1
1,0,0,0,0,0.0,55,3,1,0,4,4,0
0,0,0,0,0,0.0,61,1,0,0,3,1,0
1,1,0,1,1,1.0,0,4,0,1,2,2,1
0,0,0,0,0,0.0,59,1,0,0,3,1,0
0,0,0,0,0,0.0,85,1,0,0,1,2,0
1,1,0,1,1,1.0,0,4,0,1,2,2,1
0,0,0,0,0,0.0,57,1,0,0,1,2,0
0,0,0,0,0,0.0,53,1,0,0,3,1,0
0,0,0,0,0,0.0,63,1,0,0,3,1,0
0,0,0,0,0,0.0,53,1,0,0,3,1,0
1,1,0,1,1,1.0,0,4,0,1,2,2,1
1,1,1,0,1,1.0,0,3,1,0,1,1,1
1,1,0,1,1,1.0,0,4,0,1,2,2,1
1,1,1,0,1,1.0,0,1,0,0,1,1,1
1,0,0,0,0,0.0,30,1,0,0,1,1,0
1,1,1,0,1,1.0,0,3,1,0,1,1,1
0,0,0,0,0,0.0,65,1,0,0,1,2,0
1,0,0,0,0,0.0,20,1,0,0,1,1,0
1,0,0,0,0,0.0,55,1,0,0,2,2,0
1,1,1,0,1,1.0,0,3,1,0,1,1,1
1,0,0,0,0,0.0,67,1,0,0,2,2,0
1,0,0,0,0,0.0,93,1,0,0,1,1,0
1,0,0,0,0,0.0,90,1,0,0,1,1,0
1,1,0,1,1,1.0,0,3,1,0,2,2,1
1,0,0,0,0,0.0,82,1,0,0,1,1,0
1,1,1,0,1,1.0,0,1,0,0,1,1,1
1,0,0,0,0,0.0,77,1,0,0,1,1,0
1,1,1,0,1,1.0,0,3,1,0,1,1,1
1,1,1,0,1,1.0,0,4,0,1,1,1,1
1,1,1,0,1,1.0,0,3,1,0,1,1,1
1,0,0,0,1,0.0,0,3,1,0,5,5,1
1,0,0,0,0,0.0,50,1,0,0,1,1,0
1,1,0,1,1,1.0,0,4,0,1,2,2,1
1,1,1,0,1,1.0,0,4,0,1,1,1,1
1,0,0,0,0,0.0,62,3,1,0,4,4,0
1,1,1,0,1,1.0,0,3,1,0,1,1,1
1,1,0,1,1,1.0,0,3,1,0,2,2,1
1,1,0,1,1,1.0,0,3,1,0,2,2,1
1,0,0,0,0,0.0,42,1,0,0,1,1,0
1,0,0,0,1,0.0,0,3,1,0,5,5,1
1,0,0,0,0,0.0,20,1,0,0,1,1,0
0,0,0,0,0,0.0,50,1,0,0,3,1,0
1,0,0,0,0,0.0,52,1,0,0,1,1,0
1,1,1,0,1,1.0,0,1,0,0,1,1,1
0,0,0,0,0,0.0,24,1,0,0,1,2,0
0,0,0,0,1,0.2,5,3,1,0,2,1,1
1,1,1,0,1,1.0,0,3,1,0,1,1,1
0,0,0,0,0,0.0,70,1,0,0,3,1,0
1,1,0,1,1,1.0,0,4,0,1,2,2,1
0,0,0,0,0,0.0,40,1,0,0,3,1,0
1,0,0,0,0,0.0,54,3,1,0,4,4,0
1,1,0,1,1,1.0,0,3,1,0,2,2,1
0,0,0,0,0,0.0,54,1,0,0,3,1,0
1,0,0,0,0,0.0,66,1,0,0,1,1,0
1,0,0,0,0,0.0,64,1,0,0,2,2,0
1,0,0,0,1,0.8,2,3,1,0,1,1,1
1,0,0,0,0,0.0,48,1,0,0,2,2,0
1,0,0,0,1,0.6667,2,3,1,0,1,1,1
1,0,0,0,1,0.0,0,3,1,0,5,5,1
1,1,1,0,1,1.0,0,3,1,0,1,1,1
1,1,0,1,1,1.0,0,4,0,1,2,2,1
1,0,0,0,0,0.0,53,1,0,0,2,2,0
1,0,0,0,0,0.0,20,1,0,0,1,1,0
1,1,0,1,1,1.0,0,4,0,1,2,2,1
1,0,0,0,1,0.4286,4,3,1,0,1,1,1
0,0,0,0,1,0.2,5,3,1,0,2,1,1
1,0,0,0,1,0.0,0,3,1,0,5,5,1
1,0,0,0,0,0.0,49,1,0,0,1,1,0
1,0,0,0,0,0.0,58,1,0,0,1,1,0
1,1,1,0,1,1.0,0,3,1,0,1,1,1
1,1,0,1,1,1.0,0,4,0,1,2,2,1
1,0,0,0,1,0.0,0,3,1,0,5,5,1
1,1,1,0,1,1.0,0,4,0,1,1,1,1
1,1,0,1,1,1.0,0,4,0,1,2,2,1
1,0,0,0,0,0.0,64,1,0,0,1,1,0
1,1,1,0,1,1.0,0,1,0,0,1,1,1
1,0,0,0,0,0.0,20,1,0,0,1,1,0
1,0,0,0,0,0.0,38,1,0,0,1,1,0
1,1,1,0,1,1.0,0,1,0,0,1,1,1
1,0,0,0,1,0.4615,1,3,1,0,1,1,1
1,1,1,0,1,1.0,0,3,1,0,1,1,1
1,0,0,0,0,0.0,59,1,0,0,2,2,0
1,0,0,0,1,0.625,3,3,1,0,1,1,1
1,1,1,0,1,1.0,0,4,0,1,1,1,1
1,1,1,0,1,1.0,0,3,1,0,1,1,1
1,1,1,0,1,1.0,0,3,1,0,1,1,1
1,0,0,0,0,0.0,39,3,1,0,4,4,0
1,1,1,0,1,1.0,0,3,1,0,1,1,1
1,0,0,0,1,0.3,5,3,1,0,1,1,1
1,1,0,1,1,1.0,0,4,0,1,2,2,1
1,1,1,0,1,1.0,0,3,1,0,1,1,1
1,0,0,0,0,0.0,59,1,0,0,2,2,0
0,0,0,0,0,0.0,80,1,0,0,1,2,0
1,0,0,0,0,0.0,67,1,0,0,1,1,0
1,0,0,0,0,0.0,47,1,0,0,1,1,0
1,0,0,0,1,0.0,0,3,1,0,5,5,1
1,0,0,0,0,0.0,64,3,1,0,4,4,0
1,0,0,0,0,0.0,74,1,0,0,2,2,0
1,0,0,0,0,0.0,85,1,0,0,1,1,0
1,0,0,0,1,0.6667,1,3,1,0,1,1,1
1,0,0,0,0,0.0,88,1,0,0,1,1,0
1,1,0,1,1,1.0,0,3,1,0,2,2,1
1,1,1,0,1,1.0,0,3,1,0,1,1,1
1,1,0,1,1,1.0,0,3,1,0,2,2,1
0,0,0,0,0,0.0,70,1,0,0,3,1,0
1,1,0,1,1,1.0,0,4,0,1,2,2,1
0,0,0,0,0,0.0,77,1,0,0,3,1,0
1,0,0,0,0,0.0,50,3,1,0,4,4,0
1,0,0,0,0,0.0,20,1,0,0,1,1,0
0,0,0,0,0,0.0,74,1,0,0,1,2,0
1,0,0,0,1,0.3333,2,3,1,0,1,1,1
1,0,0,0,0,0.0,71,1,0,0,1,1,0
1,1,0,1,1,1.0,0,3,1,0,2,2,1
1,1,1,0,1,1.0,0,3,1,0,1,1,1
1,1,0,1,1,1.0,0,3,1,0,2,2,1
1,0,0,0,0,0.0,58,1,0,0,2,2,0
1,1,1,0,1,1.0,0,3,1,0,1,1,1
1,0,0,0,1,0.0,0,3,1,0,5,5,1
1,0,0,0,1,0.8571,0,3,1,0,1,1,1
1,0,0,0,0,0.0,63,1,0,0,1,1,0
1,1,0,1,1,1.0,0,3,1,0,2,2,1
1,1,0,1,1,1.0,0,4,0,1,2,2,1
1,0,0,0,0,0.0,63,3,1,0,4,4,0
0,0,0,0,1,0.2,5,3,1,0,2,1,1
1,0,0,0,0,0.0,69,1,0,0,1,1,0
1,1,1,0,1,1.0,0,4,0,1,1,1,1
0,0,0,0,0,0.0,72,1,0,0,1,2,0
1,0,0,0,0,0.0,20,1,0,0,1,1,0
1,0,0,0,0,0.0,74,1,0,0,1,1,0
1,0,0,0,1,0.7857,2,3,1,0,1,1,1
1,0,0,0,1,0.7778,2,3,1,0,1,1,1
1,0,0,0,0,0.0,47,1,0,0,2,2,0
1,0,0,0,1,0.0,0,3,1,0,5,5,1
1,0,0,0,1,0.4286,2,3,1,0,1,1,1
1,1,0,1,1,1.0,0,4,0,1,2,2,1
0,0,0,0,0,0.0,56,1,0,0,3,1,0
1,1,1,0,1,1.0,0,3,1,0,1,1,1
0,0,0,0,0,0.0,43,1,0,0,3,1,0
1,1,0,1,1,1.0,0,3,1,0,2,2,1
1,1,1,0,1,1.0,0,4,0,1,1,1,1
1,0,0,0,0,0.0,62,1,0,0,1,1,0
1,0,0,0,1,0.0,0,3,1,0,5,5,1
1,1,1,0,1,1.0,0,3,1,0,1,1,1
0,0,0,0,0,0.0,62,1,0,0,1,2,0
1,0,0,0,0,0.0,71,1,0,0,1,1,0
1,0,0,0,0,0.0,69,1,0,0,1,1,0
1,0,0,0,0,0.0,65,3,1,0,4,4,0
1,0,0,0,0,0.0,61,3,1,0,4,4,0
1,0,0,0,0,0.0,66,1,0,0,1,1,0
0,0,0,0,0,0.0,71,1,0,0,3,1,0
1,0,0,0,0,0.0,39,3,1,0,4,4,0
1,0,0,0,0,0.0,41,1,0,0,2,2,0
1,0,0,0,0,0.0,71,1,0,0,1,1,0
1,0,0,0,0,0.0,79,1,0,0,1,1,0
1,0,0,0,0,0.0,61,1,0,0,2,2,0
0,0,0,0,0,0.0,51,1,0,0,1,2,0
1,0,0,0,0,0.0,56,1,0,0,1,1,0
1,0,0,0,0,0.0,77,1,0,0,1,1,0
1,0,0,0,0,0.0,75,1,0,0,1,1,0
1,1,1,0,1,1.0,0,3,1,0,1,1,1
1,0,0,0,0,0.0,75,1,0,0,1,1,0
0,0,0,0,0,0.0,46,1,0,0,1,2,0
1,0,0,0,0,0.0,67,1,0,0,1,1,0
1,1,0,1,1,1.0,0,3,1,0,2,2,1
1,1,1,0,1,1.0,0,4,0,1,1,1,1
0,0,0,0,0,0.0,72,1,0,0,3,1,0
1,0,0,0,0,0.0,20,1,0,0,1,1,0
1,0,0,0,0,0.0,58,3,1,0,4,4,0
1,0,0,0,1,0.5556,4,3,1,0,1,1,1
1,1,1,0,1,1.0,0,3,1,0,1,1,1
1,0,0,0,1,0.0,0,3,1,0,5,5,1
1,1,1,0,1,1.0,0,3,1,0,1,1,1
1,0,0,0,0,0.0,71,1,0,0,1,1,0
0,0,0,0,0,0.0,62,1,0,0,1,2,0
1,0,0,0,0,0.0,20,1,0,0,1,1,0
1,0,0,0,1,0.0,0,3,1,0,5,5,1
0,0,0,0,0,0.0,44,1,0,0,1,2,0
1,0,0,0,0,0.0,20,1,0,0,1,1,0
1,1,1,0,1,1.0,0,3,1,0,1,1,1
1,0,0,0,0,0.0,36,3,1,0,4,4,0
1,0,0,0,0,0.0,73,1,0,0,1,1,0
1,1,0,1,1,1.0,0,4,0,1,2,2,1
1,0,0,0,0,0.0,66,1,0,0,1,1,0
0,0,0,0,0,0.0,48,1,0,0,3,1,0
1,0,0,0,0,0.0,20,1,0,0,1,1,0
0,0,0,0,1,0.2,5,3,1,0,2,1,1
1,0,0,0,0,0.0,20,1,0,0,1,1,0
1,1,0,1,1,1.0,0,4,0,1,2,2,1
0,0,0,0,0,0.0,67,1,0,0,3,1,0
1,0,0,0,0,0.0,44,3,1,0,4,4,0
1,1,1,0,1,1.0,0,4,0,1,1,1,1
1,1,1,0,1,1.0,0,4,0,1,1,1,1
1,0,0,0,1,0.0,0,3,1,0,5,5,1
1,0,0,0,0,0.0,50,1,0,0,2,2,0
1,1,0,1,1,1.0,0,3,1,0,2,2,1
1,1,1,0,1,1.0,0,4,0,1,1,1,1
1,1,1,0,1,1.0,0,3,1,0,1,1,1
1,1,1,0,1,1.0,0,1,0,0,1,1,1
0,0,0,0,1,0.2,5,3,1,0,2,1,1
1,0,0,0,0,0.0,55,1,0,0,1,1,0
1,1,0,1,1,1.0,0,4,0,1,2,2,1
1,1,0,1,1,1.0,0,4,0,1,2,2,1
1,0,0,0,0,0.0,20,1,0,0,1,1,0
1,0,0,0,1,0.0,0,3,1,0,5,5,1
1,1,1,0,1,1.0,0,1,0,0,1,1,1
1,0,0,0,1,0.7692,3,3,1,0,1,1,1
1,1,0,1,1,1.0,0,3,1,0,2,2,1
1,1,0,1,1,1.0,0,4,0,1,2,2,1
1,1,0,1,1,1.0,0,4,0,1,2,2,1
0,0,0,0,0,0.0,59,1,0,0,1,2,0
1,0,0,0,0,0.0,20,1,0,0,1,1,0
1,0,0,0,0,0.0,67,1,0,0,1,1,0
1,1,1,0,1,1.0,0,3,1,0,1,1,1
1,0,0,0,0,0.0,52,1,0,0,1,1,0
1,0,0,0,0,0.0,53,1,0,0,1,1,0
1,0,0,0,0,0.0,20,1,0,0,1,1,0
1,1,0,1,1,1.0,0,3,1,0,2,2,1
1,1,0,1,1,1.0,0,4,0,1,2,2,1
0,0,0,0,1,0.2,5,3,1,0,2,1,1
0,0,0,0,0,0.0,71,1,0,0,1,2,0
1,1,1,0,1,1.0,0,3,1,0,1,1,1
1,1,1,0,1,1.0,0,4,0,1,1,1,1
0,0,0,0,1,0.2,5,3,1,0,2,1,1
1,0,0,0,0,0.0,63,1,0,0,2,2,0
1,1,0,1,1,1.0,0,3,1,0,2,2,1
1,1,1,0,1,1.0,0,3,1,0,1,1,1
1,0,0,0,0,0.0,20,1,0,0,1,1,0
1,1,1,0,1,1.0,0,3,1,0,1,1,1
1,0,0,0,1,0.6429,1,3,1,0,1,1,1
1,0,0,0,0,0.0,47,3,1,0,4,4,0
1,1,0,1,1,1.0,0,4,0,1,2,2,1
1,0,0,0,1,0.0,0,3,1,0,5,5,1
1,0,0,0,0,0.0,45,1,0,0,2,2,0
1,0,0,0,0,0.0,70,3,1,0,4,4,0
1,0,0,0,0,0.0,53,3,1,0,4,4,0
1,0,0,0,0,0.0,61,1,0,0,1,1,0
0,0,0,0,0,0.0,53,1,0,0,3,1,0
1,0,0,0,0,0.0,20,1,0,0,1,1,0
1,1,1,0,1,1.0,0,4,0,1,1,1,1
1,1,0,1,1,1.0,0,3,1,0,2,2,1
1,0,0,0,0,0.0,46,1,0,0,1,1,0
1,0,0,0,1,0.625,3,3,1,0,1,1,1
1,0,0,0,0,0.0,45,3,1,0,4,4,0
1,0,0,0,0,0.0,39,1,0,0,1,1,0
1,0,0,0,0,0.0,73,1,0,0,2,2,0
1,0,0,0,0,0.0,45,1,0,0,2,2,0
1,1,0,1,1,1.0,0,4,0,1,2,2,1
1,1,1,0,1,1.0,0,3,1,0,1,1,1
0,0,0,0,0,0.0,88,1,0,0,1,2,0
1,1,1,0,1,1.0,0,3,1,0,1,1,1
1,0,0,0,0,0.0,47,1,0,0,1,1,0
1,1,1,0,1,1.0,0,1,0,0,1,1,1
1,1,1,0,1,1.0,0,3,1,0,1,1,1
1,1,0,1,1,1.0,0,4,0,1,2,2,1
0,0,0,0,0,0.0,91,1,0,0,1,2,0
1,1,1,0,1,1.0,0,1,0,0,1,1,1
1,0,0,0,0,0.0,82,1,0,0,1,1,0
1,1,0,1,1,1.0,0,3,1,0,2,2,1
1,1,1,0,1,1.0,0,4,0,1,1,1,1
1,0,0,0,0,0.0,69,1,0,0,1,1,0
0,0,0,0,1,0.2,5,3,1,0,2,1,1
1,1,1,0,1,1.0,0,1,0,0,1,1,1
0,0,0,0,0,0.0,67,1,0,0,3,1,0
1,1,0,1,1,1.0,0,3,1,0,2,2,1
0,0,0,0,0,0.0,73,1,0,0,1,2,0
0,0,0,0,1,0.2,5,3,1,0,2,1,1
0,0,0,0,1,0.2,5,3,1,0,2,1,1
1,0,0,0,1,0.4667,1,3,1,0,1,1,1
1,1,1,0,1,1.0,0,4,0,1,1,1,1
0,0,0,0,0,0.0,84,1,0,0,1,2,0
0,0,0,0,0,0.0,52,1,0,0,1,2,0
1,0,0,0,1,0.0,0,3,1,0,5,5,1
1,0,0,0,0,0.0,85,1,0,0,1,1,0
1,0,0,0,0,0.0,58,1,0,0,2,2,0
1,0,0,0,0,0.0,49,1,0,0,1,1,0
1,0,0,0,1,0.0,0,3,1,0,5,5,1
1,0,0,0,0,0.0,62,1,0,0,2,2,0
1,0,0,0,1,0.3571,2,3,1,0,1,1,1
1,0,0,0,0,0.0,73,1,0,0,1,1,0
1,0,0,0,1,0.0,0,3,1,0,5,5,1
0,0,0,0,0,0.0,51,1,0,0,3,1,0
1,1,0,1,1,1.0,0,4,0,1,2,2,1
0,0,0,0,1,0.2,5,3,1,0,2,1,1
1,1,1,0,1,1.0,0,3,1,0,1,1,1
1,0,0,0,0,0.0,20,1,0,0,1,1,0
1,0,0,0,0,0.0,55,1,0,0,1,1,0
0,0,0,0,0,0.0,74,1,0,0,1,2,0
1,0,0,0,0,0.0,20,1,0,0,1,1,0
1,1,1,0,1,1.0,0,4,0,1,1,1,1
1,1,1,0,1,1.0,0,4,0,1,1,1,1
1,0,0,0,0,0.0,40,1,0,0,2,2,0
1,0,0,0,1,0.4667,2,3,1,0,1,1,1
0,0,0,0,0,0.0,44,1,0,0,3,1,0
1,1,1,0,1,1.0,0,1,0,0,1,1,1
0,0,0,0,0,0.0,65,1,0,0,1,2,0
0,0,0,0,0,0.0,35,1,0,0,1,2,0
1,1,1,0,1,1.0,0,3,1,0,1,1,1
1,0,0,0,0,0.0,72,1,0,0,2,2,0
0,0,0,0,0,0.0,77,1,0,0,3,1,0
0,0,0,0,0,0.0,48,1,0,0,3,1,0
0,0,0,0,1,0.2,5,3,1,0,2,1,1
1,0,0,0,0,0.0,68,1,0,0,1,1,0
1,0,0,0,1,0.4545,1,3,1,0,1,1,1
1,0,0,0,0,0.0,42,3,1,0,4,4,0
1,0,0,0,1,0.0,0,3,1,0,5,5,1
1,1,1,0,1,1.0,0,1,0,0,1,1,1
1,0,0,0,0,0.0,61,3,1,0,4,4,0
1,0,0,0,0,0.0,91,1,0,0,1,1,0
1,0,0,0,0,0.0,20,1,0,0,1,1,0
1,1,1,0,1,1.0,0,4,0,1,1,1,1
1,0,0,0,0,0.0,64,1,0,0,1,1,0
0,0,0,0,0,0.0,64,1,0,0,1,2,0
1,0,0,0,0,0.0,20,1,0,0,1,1,0
0,0,0,0,1,0.2,5,3,1,0,2,1,1
1,1,0,1,1,1.0,0,4,0,1,2,2,1
0,0,0,0,0,0.0,59,1,0,0,3,1,0
1,0,0,0,0,0.0,37,3,1,0,4,4,0
1,0,0,0,0,0.0,70,1,0,0,2,2,0
1,0,0,0,0,0.0,68,1,0,0,1,1,0
1,1,1,0,1,1.0,0,1,0,0,1,1,1
0,0,0,0,1,0.2,5,3,1,0,2,1,1
0,0,0,0,0,0.0,41,1,0,0,3,1,0
1,1,1,0,1,1.0,0,3,1,0,1,1,1
1,1,1,0,1,1.0,0,1,0,0,1,1,1
1,0,0,0,1,0.5,2,3,1,0,1,1,1
1,0,0,0,1,0.7692,1,3,1,0,1,1,1
0,0,0,0,0,0.0,33,1,0,0,1,2,0
0,0,0,0,1,0.2,5,3,1,0,2,1,1
0,0,0,0,1,0.2,5,3,1,0,2,1,1
1,0,0,0,0,0.0,20,1,0,0,1,1,0
1,0,0,0,0,0.0,93,1,0,0,1,1,0
1,1,1,0,1,1.0,0,1,0,0,1,1,1
1,1,1,0,1,1.0,0,3,1,0,1,1,1
1,0,0,0,0,0.0,57,1,0,0,2,2,0
0,0,0,0,0,0.0,53,1,0,0,3,1,0
1,0,0,0,1,0.2308,4,3,1,0,1,1,1
1,1,0,1,1,1.0,0,3,1,0,2,2,1
1,0,0,0,0,0.0,59,3,1,0,4,4,0
1,0,0,0,0,0.0,41,1,0,0,2,2,0
1,0,0,0,1,0.0,0,3,1,0,5,5,1
1,0,0,0,0,0.0,45,1,0,0,2,2,0
1,1,0,1,1,1.0,0,3,1,0,2,2,1
1,0,0,0,0,0.0,66,1,0,0,1,1,0
0,0,0,0,1,0.2,5,3,1,0,2,1,1
1,0,0,0,1,0.5,3,3,1,0,1,1,1
1,1,1,0,1,1.0,0,4,0,1,1,1,1
1,1,0,1,1,1.0,0,4,0,1,2,2,1
1,0,0,0,0,0.0,69,1,0,0,2,2,0
0,0,0,0,0,0.0,73,1,0,0,3,1,0
1,0,0,0,0,0.0,57,1,0,0,2,2,0
1,0,0,0,0,0.0,52,1,0,0,1,1,0
0,0,0,0,0,0.0,53,1,0,0,1,2,0
1,0,0,0,0,0.0,53,1,0,0,1,1,0
0,0,0,0,1,0.2,5,3,1,0,2,1,1
1,0,0,0,1,0.5455,1,3,1,0,1,1,1
1,0,0,0,0,0.0,43,3,1,0,4,4,0
1,0,0,0,0,0.0,20,1,0,0,1,1,0
1,0,0,0,1,0.0,0,3,1,0,5,5,1
1,0,0,0,0,0.0,75,1,0,0,1,1,0
1,0,0,0,0,0.0,79,1,0,0,1,1,0
1,0,0,0,1,0.0,0,3,1,0,5,5,1
1,0,0,0,0,0.0,20,1,0,0,1,1,0
1,1,1,0,1,1.0,0,4,0,1,1,1,1
0,0,0,0,1,0.2,5,3,1,0,2,1,1
1,0,0,0,0,0.0,39,1,0,0,1,1,0
1,1,1,0,1,1.0,0,4,0,1,1,1,1
1,1,0,1,1,1.0,0,3,1,0,2,2,1
1,1,0,1,1,1.0,0,3,1,0,2,2,1
1,0,0,0,0,0.0,20,1,0,0,1,1,0
1,1,0,1,1,1.0,0,3,1,0,2,2,1
0,0,0,0,1,0.2,5,3,1,0,2,1,1
0,0,0,0,0,0.0,72,1,0,0,1,2,0
0,0,0,0,0,0.0,60,1,0,0,3,1,0
1,1,0,1,1,1.0,0,4,0,1,2,2,1
1,0,0,0,0,0.0,62,1,0,0,1,1,0
1,0,0,0,0,0.0,78,1,0,0,1,1,0
1,0,0,0,0,0.0,20,1,0,0,1,1,0
1,1,1,0,1,1.0,0,1,0,0,1,1,1
1,1,1,0,1,1.0,0,4,0,1,1,1,1
1,0,0,0,0,0.0,57,1,0,0,1,1,0
1,1,1,0,1,1.0,0,3,1,0,1,1,1
1,0,0,0,0,0.0,20,1,0,0,1,1,0
1,1,0,1,1,1.0,0,4,0,1,2,2,1
1,1,1,0,1,1.0,0,4,0,1,1,1,1
0,0,0,0,1,0.2,5,3,1,0,2,1,1
1,0,0,0,0,0.0,45,1,0,0,1,1,0
1,1,0,1,1,1.0,0,4,0,1,2,2,1
1,1,0,1,1,1.0,0,3,1,0,2,2,1
1,0,0,0,0,0.0,47,1,0,0,1,1,0
1,0,0,0,1,0.0,0,3,1,0,5,5,1
1,1,1,0,1,1.0,0,4,0,1,1,1,1
1,0,0,0,0,0.0,56,3,1,0,4,4,0
1,1,0,1,1,1.0,0,3,1,0,2,2,1
1,0,0,0,0,0.0,69,3,1,0,4,4,0
1,0,0,0,1,0.0,0,3,1,0,5,5,1
1,0,0,0,0,0.0,20,1,0,0,1,1,0
1,1,0,1,1,1.0,0,3,1,0,2,2,1
1,1,0,1,1,1.0,0,4,0,1,2,2,1
1,0,0,0,0,0.0,52,3,1,0,4,4,0
1,1,1,0,1,1.0,0,1,0,0,1,1,1
1,0,0,0,1,0.1429,4,3,1,0,1,1,1
1,1,1,0,1,1.0,0,1,0,0,1,1,1
0,0,0,0,1,0.2,5,3,1,0,2,1,1
1,0,0,0,1,0.0,0,3,1,0,5,5,1
0,0,0,0,0,0.0,81,1,0,0,1,2,0
0,0,0,0,1,0.2,5,3,1,0,2,1,1
1,1,1,0,1,1.0,0,3,1,0,1,1,1
1,0,0,0,0,0.0,60,1,0,0,1,1,0
1,0,0,0,0,0.0,35,1,0,0,2,2,0
1,0,0,0,0,0.0,61,3,1,0,4,4,0
1,0,0,0,0,0.0,53,1,0,0,1,1,0
0,0,0,0,0,0.0,70,1,0,0,3,1,0
0,0,0,0,0,0.0,73,1,0,0,1,2,0
1,0,0,0,1,0.0,0,3,1,0,5,5,1
1,0,0,0,0,0.0,20,1,0,0,1,1,0
0,0,0,0,0,0.0,76,1,0,0,1,2,0
1,0,0,0,1,0.4615,1,3,1,0,1,1,1
1,1,0,1,1,1.0,0,3,1,0,2,2,1
1,0,0,0,1,0.9091,1,3,1,0,1,1,1
1,1,0,1,1,1.0,0,4,0,1,2,2,1
0,0,0,0,1,0.2,5,3,1,0,2,1,1
1,1,1,0,1,1.0,0,3,1,0,1,1,1
1,0,0,0,1,0.0,0,3,1,0,5,5,1
1,0,0,0,1,0.6154,1,3,1,0,1,1,1
1,0,0,0,0,0.0,63,1,0,0,1,1,0
1,0,0,0,0,0.0,20,1,0,0,1,1,0
1,0,0,0,0,0.0,34,1,0,0,2,2,0
1,1,0,1,1,1.0,0,4,0,1,2,2,1
1,0,0,0,0,0.0,45,1,0,0,2,2,0
1,0,0,0,0,0.0,48,1,0,0,1,1,0
1,0,0,0,0,0.0,37,3,1,0,4,4,0
0,0,0,0,1,0.2,5,3,1,0,2,1,1
1,1,1,0,1,1.0,0,3,1,0,1,1,1
0,0,0,0,0,0.0,58,1,0,0,3,1,0
1,1,1,0,1,1.0,0,3,1,0,1,1,1
1,0,0,0,0,0.0,57,1,0,0,1,1,0
1,0,0,0,0,0.0,52,1,0,0,1,1,0
1,1,0,1,1,1.0,0,4,0,1,2,2,1
1,0,0,0,0,0.0,68,1,0,0,1,1,0
1,1,0,1,1,1.0,0,3,1,0,2,2,1
1,0,0,0,0,0.0,51,1,0,0,2,2,0
1,1,0,1,1,1.0,0,4,0,1,2,2,1
1,0,0,0,1,0.0,0,3,1,0,5,5,1
1,1,1,0,1,1.0,0,3,1,0,1,1,1
1,1,1,0,1,1.0,0,3,1,0,1,1,1
1,0,0,0,1,0.0,0,3,1,0,5,5,1
1,0,0,0,1,0.0,0,3,1,0,5,5,1
1,0,0,0,0,0.0,61,1,0,0,1,1,0
1,1,1,0,1,1.0,0,3,1,0,1,1,1
0,0,0,0,0,0.0,63,1,0,0,1,2,0
1,0,0,0,1,0.6667,3,3,1,0,1,1,1
1,1,1,0,1,1.0,0,3,1,0,1,1,1
1,1,0,1,1,1.0,0,4,0,1,2,2,1
1,1,1,0,1,1.0,0,3,1,0,1,1,1
0,0,0,0,0,0.0,81,1,0,0,1,2,0
1,0,0,0,0,0.0,72,1,0,0,1,1,0
1,0,0,0,0,0.0,49,3,1,0,4,4,0
0,0,0,0,0,0.0,46,1,0,0,1,2,0
0,0,0,0,0,0.0,54,1,0,0,1,2,0
1,0,0,0,0,0.0,45,3,1,0,4,4,0
0,0,0,0,0,0.0,39,1,0,0,3,1,0
0,0,0,0,1,0.2,5,3,1,0,2,1,1
0,0,0,0,0,0.0,61,1,0,0,1,2,0
1,0,0,0,0,0.0,20,1,0,0,1,1,0
1,1,0,1,1,1.0,0,3,1,0,2,2,1
1,1,0,1,1,1.0,0,4,0,1,2,2,1
0,0,0,0,0,0.0,45,1,0,0,3,1,0
0,0,0,0,1,0.2,5,3,1,0,2,1,1
1,0,0,0,0,0.0,43,1,0,0,1,1,0
1,1,1,0,1,1.0,0,3,1,0,1,1,1
0,0,0,0,1,0.2,5,3,1,0,2,1,1
1,0,0,0,0,0.0,20,1,0,0,1,1,0
1,0,0,0,1,0.0,0,3,1,0,5,5,1
1,0,0,0,1,0.8182,2,3,1,0,1,1,1
1,1,0,1,1,1.0,0,4,0,1,2,2,1
1,1,1,0,1,1.0,0,4,0,1,1,1,1
1,1,0,1,1,1.0,0,4,0,1,2,2,1
0,0,0,0,0,0.0,72,1,0,0,3,1,0
0,0,0,0,1,0.2,5,3,1,0,2,1,1
1,0,0,0,0,0.0,63,1,0,0,1,1,0
1,1,1,0,1,1.0,0,3,1,0,1,1,1
1,1,1,0,1,1.0,0,3,1,0,1,1,1
1,1,1,0,1,1.0,0,1,0,0,1,1,1
1,0,0,0,1,0.0,0,3,1,0,5,5,1
1,0,0,0,0,0.0,70,1,0,0,1,1,0
1,0,0,0,0,0.0,59,1,0,0,2,2,0
1,0,0,0,1,0.0,0,3,1,0,5,5,1
0,0,0,0,0,0.0,59,1,0,0,1,2,0
0,0,0,0,0,0.0,62,1,0,0,1,2,0
1,0,0,0,0,0.0,52,1,0,0,2,2,0
1,0,0,0,0,0.0,59,1,0,0,1,1,0
1,1,1,0,1,1.0,0,3,1,0,1,1,1
1,0,0,0,0,0.0,52,1,0,0,1,1,0
1,1,1,0,1,1.0,0,4,0,1,1,1,1
1,0,0,0,0,0.0,47,1,0,0,1,1,0
1,0,0,0,0,0.0,60,3,1,0,4,4,0
1,0,0,0,0,0.0,47,1,0,0,2,2,0
1,0,0,0,0,0.0,69,1,0,0,1,1,0
0,0,0,0,0,0.0,66,1,0,0,3,1,0
1,0,0,0,0,0.0,20,1,0,0,1,1,0
1,1,1,0,1,1.0,0,1,0,0,1,1,1
1,0,0,0,1,0.7857,3,3,1,0,1,1,1
0,0,0,0,1,0.2,5,3,1,0,2,1,1
1,0,0,0,0,0.0,50,1,0,0,2,2,0
1,0,0,0,1,0.0,0,3,1,0,5,5,1
1,0,0,0,0,0.0,81,1,0,0,1,1,0
1,1,1,0,1,1.0,0,3,1,0,1,1,1
1,1,1,0,1,1.0,0,1,0,0,1,1,1
1,1,0,1,1,1.0,0,4,0,1,2,2,1
1,1,1,0,1,1.0,0,3,1,0,1,1,1
1,0,0,0,0,0.0,73,1,0,0,1,1,0
1,0,0,0,0,0.0,56,1,0,0,1,1,0
1,1,1,0,1,1.0,0,3,1,0,1,1,1
1,0,0,0,1,0.1429,5,3,1,0,1,1,1
1,0,0,0,0,0.0,47,1,0,0,1,1,0
1,0,0,0,1,0.0,0,3,1,0,5,5,1
1,1,1,0,1,1.0,0,3,1,0,1,1,1
1,1,0,1,1,1.0,0,4,0,1,2,2,1
1,0,0,0,0,0.0,67,1,0,0,2,2,0
1,0,0,0,0,0.0,80,1,0,0,1,1,0
1,1,1,0,1,1.0,0,3,1,0,1,1,1
0,0,0,0,0,0.0,39,1,0,0,3,1,0
0,0,0,0,1,0.2,5,3,1,0,2,1,1
1,0,0,0,0,0.0,72,1,0,0,1,1,0
1,0,0,0,0,0.0,45,1,0,0,2,2,0
1,1,1,0,1,1.0,0,3,1,0,1,1,1
1,0,0,0,0,0.0,43,1,0,0,1,1,0
1,0,0,0,1,0.25,5,3,1,0,1,1,1
1,1,1,0,1,1.0,0,3,1,0,1,1,1
1,0,0,0,0,0.0,42,3,1,0,4,4,0
1,0,0,0,0,0.0,20,1,0,0,1,1,0
1,0,0,0,1,0.0,0,3,1,0,5,5,1
1,0,0,0,0,0.0,60,1,0,0,2,2,0
0,0,0,0,0,0.0,61,1,0,0,1,2,0
1,0,0,0,0,0.0,20,1,0,0,1,1,0
1,0,0,0,0,0.0,55,1,0,0,1,1,0
1,0,0,0,1,0.0,0,3,1,0,5,5,1
1,1,1,0,1,1.0,0,1,0,0,1,1,1
1,1,1,0,1,1.0,0,3,1,0,1,1,1
1,1,0,1,1,1.0,0,4,0,1,2,2,1
1,0,0,0,0,0.0,62,1,0,0,1,1,0
1,1,1,0,1,1.0,0,3,1,0,1,1,1
1,0,0,0,1,0.0,0,3,1,0,5,5,1
1,0,0,0,1,0.9091,1,3,1,0,1,1,1
1,0,0,0,1,0.0,0,3,1,0,5,5,1
1,0,0,0,0,0.0,65,1,0,0,1,1,0
0,0,0,0,1,0.2,5,3,1,0,2,1,1
1,0,0,0,0,0.0,20,1,0,0,1,1,0
1,0,0,0,0,0.0,59,3,1,0,4,4,0
1,0,0,0,0,0.0,46,1,0,0,2,2,0
1,0,0,0,0,0.0,59,1,0,0,1,1,0
1,1,1,0,1,1.0,0,4,0,1,1,1,1
1,0,0,0,0,0.0,20,1,0,0,1,1,0
1,0,0,0,0,0.0,53,3,1,0,4,4,0
1,1,1,0,1,1.0,0,4,0,1,1,1,1
1,0,0,0,0,0.0,52,1,0,0,2,2,0
1,0,0,0,0,0.0,58,1,0,0,1,1,0
1,1,1,0,1,1.0,0,4,0,1,1,1,1
1,0,0,0,0,0.0,44,1,0,0,2,2,0
0,0,0,0,0,0.0,68,1,0,0,1,2,0
1,0,0,0,0,0.0,68,1,0,0,1,1,0
1,1,1,0,1,1.0,0,3,1,0,1,1,1
1,1,0,1,1,1.0,0,4,0,1,2,2,1
0,0,0,0,1,0.2,5,3,1,0,2,1,1
1,1,0,1,1,1.0,0,3,1,0,2,2,1
1,1,1,0,1,1.0,0,1,0,0,1,1,1
1,1,1,0,1,1.0,0,3,1,0,1,1,1
1,0,0,0,0,0.0,48,3,1,0,4,4,0
1,1,1,0,1,1.0,0,1,0,0,1,1,1
1,0,0,0,0,0.0,60,1,0,0,1,1,0
1,0,0,0,1,0.3,3,3,1,0,1,1,1
1,1,1,0,1,1.0,0,3,1,0,1,1,1
1,1,1,0,1,1.0,0,3,1,0,1,1,1
1,1,0,1,1,1.0,0,4,0,1,2,2,1
1,1,1,0,1,1.0,0,3,1,0,1,1,1
1,1,0,1,1,1.0,0,3,1,0,2,2,1
1,1,0,1,1,1.0,0,3,1,0,2,2,1
1,0,0,0,0,0.0,20,1,0,0,1,1,0
